eleanora.heaney@hotmail.com,0klr1heytuypd3j
kirk.marquardt@yahoo.com,dpnhsktgcrea
arnulfo.kessler@yahoo.com,mgpovk9pi
luanne.mann@yahoo.com,k68cywhcz5r5k
keitha.wehner@gmail.com,ybx07108p0i
candance.kozey@hotmail.com,2u3bf59mhrdr
candy.hayes@hotmail.com,d3g0pqulfv6glk
necole.dickinson@yahoo.com,701cfbdfn6z37
rolando.runolfsson@yahoo.com,m2vwhxizdqim88q
felicia.block@yahoo.com,ljt42oos0ipami
marty.moen@hotmail.com,9ppre3993
eloy.bernhard@yahoo.com,b2q504dmthz00
james.farrell@gmail.com,mfensvezx
daren.denesik@gmail.com,bndognehwvytq
terence.okeefe@hotmail.com,n4tassnvl
dannie.roob@gmail.com,uippzgo0pzbg
maybell.cummings@yahoo.com,h6dxoqvpdm8
doyle.hintz@hotmail.com,bzxud0u0389fy
morris.abshire@yahoo.com,d29hqsnlcgf
emmanuel.streich@hotmail.com,u37xozqz
